Title,Iframe_src
Dragon Ball Z: Season 17,https://eplayvid.net/watch/24c834b05d011ba
Dragon Ball Z: Season 17,https://eplayvid.net/watch/a86e69f727af039
Dragon Ball Z: Season 17,https://eplayvid.net/watch/f94e56ecae5647d
Dragon Ball Z: Season 17,https://eplayvid.net/watch/fddf40f30154d26
Dragon Ball Z: Season 17,https://eplayvid.net/watch/2af8ac856a60710
Dragon Ball Z: Season 17,https://eplayvid.net/watch/bf40e639292b508
Dragon Ball Z: Season 17,https://eplayvid.net/watch/18a6f5a6a79b32c
Dragon Ball Z: Season 17,https://eplayvid.net/watch/da4aee8c92d1443
Dragon Ball Z: Season 10,https://eplayvid.net/watch/97c1f08d3c0eb7c
Dragon Ball Z: Season 17,https://eplayvid.net/watch/7865ce42997d519
Dragon Ball Z: Season 10,https://eplayvid.net/watch/15a5edfab099aba
Dragon Ball Z: Season 10,https://eplayvid.net/watch/87b1043e3e39d79
Dragon Ball Z: Season 10,https://eplayvid.net/watch/44f1a759174396a
Dragon Ball Z: Season 10,https://eplayvid.net/watch/0a5c4c6591ff1ca
Dragon Ball Z: Season 10,https://eplayvid.net/watch/de89762c1a08764
Dragon Ball Z: Season 10,https://eplayvid.net/watch/144ebb1669ea147
Dragon Ball Z: Season 10,https://eplayvid.net/watch/888db13f60f56e9
Dragon Ball Z: Season 10,https://eplayvid.net/watch/bb50b8b7a966bd6
Dragon Ball Z: Season 10,https://eplayvid.net/watch/27ec799c1195030
Dragon Ball Z: Season 10,https://eplayvid.net/watch/bbadbf358dc0f31
Dragon Ball Z: Season 10,https://eplayvid.net/watch/07591b25b661a69
Dragon Ball Z: Season 10,https://eplayvid.net/watch/69b31843834b998
Dragon Ball Z: Season 10,https://eplayvid.net/watch/b8c654728e73770
Dragon Ball Z: Season 17,https://eplayvid.net/watch/da3cab286aaae20
Dragon Ball Z: Season 10,https://eplayvid.net/watch/8bb364f4a352b8e
Dragon Ball Z: Season 10,https://eplayvid.net/watch/9bb30e427ca37b4
Dragon Ball Z: Season 10,https://eplayvid.net/watch/82e2c9bda481be8
Dragon Ball Z: Season 10,https://eplayvid.net/watch/f83edcbc37442d6
Dragon Ball Z: Season 10,https://eplayvid.net/watch/42048b3b12d9e5a
Dragon Ball Z: Season 10,https://eplayvid.net/watch/9d19ee920f8dc41
Dragon Ball Z: Season 10,https://eplayvid.net/watch/af66bff4f3f2d5b
Dragon Ball Z: Season 10,https://eplayvid.net/watch/12309ae91d6a502
Dragon Ball Z: Season 10,https://eplayvid.net/watch/71de4f4a888b0b8
Dragon Ball Z: Season 10,https://eplayvid.net/watch/6a0bec96a54713e
Dragon Ball Z: Season 10,https://eplayvid.net/watch/3e415058e28589a
Dragon Ball Z: Season 10,https://eplayvid.net/watch/8ba0fe6ff767ac8
Dragon Ball Z: Season 10,https://eplayvid.net/watch/39a2e37a0731cd8
Dragon Ball Z: Season 14,https://eplayvid.net/watch/5d4f6a28f8caebf
Dragon Ball Z: Season 14,https://eplayvid.net/watch/6cb7969d43118a8
Dragon Ball Z: Season 10,https://eplayvid.net/watch/5e0e510d5413d25
Dragon Ball Z: Season 14,https://eplayvid.net/watch/45deee629c9125b
Dragon Ball Z: Season 14,https://eplayvid.net/watch/a77172f9be35282
Dragon Ball Z: Season 14,https://eplayvid.net/watch/e7a8a4089e5afbd
Dragon Ball Z: Season 14,https://eplayvid.net/watch/4517f2ff352ba98
Dragon Ball Z: Season 14,https://eplayvid.net/watch/4b11085ce2547bb
Dragon Ball Z: Season 14,https://eplayvid.net/watch/d411529c11669f3
Dragon Ball Z: Season 14,https://eplayvid.net/watch/4402464d0cb30a5
Dragon Ball Z: Season 14,https://eplayvid.net/watch/e8907fc37682f49
Dragon Ball Z: Season 14,https://eplayvid.net/watch/584db5b0bdf872e
Dragon Ball Z: Season 14,https://eplayvid.net/watch/83ae370aa8dd33b
Dragon Ball Z: Season 14,https://eplayvid.net/watch/44758ecf7c2f460
Dragon Ball Z: Season 14,https://eplayvid.net/watch/96609c7b80708ce
Dragon Ball Z: Season 14,https://eplayvid.net/watch/73182c13b16dc92
Dragon Ball Z: Season 10,https://eplayvid.net/watch/77a515856f059f0
Dragon Ball Z: Season 14,https://eplayvid.net/watch/046d3e707f94123
Dragon Ball Z: Season 14,https://eplayvid.net/watch/d0eb314b6dcd1e2
Dragon Ball Z: Season 14,https://eplayvid.net/watch/b9c0679e1fc0e5d
Dragon Ball Z: Season 14,https://eplayvid.net/watch/60108d908b76e32
Dragon Ball Z: Season 14,https://eplayvid.net/watch/5bb8bc7e06cabf3
Dragon Ball Z: Season 2,https://eplayvid.net/watch/86d57e322a3bc08
Dragon Ball Z: Season 14,https://eplayvid.net/watch/3fb068893f12f39
Dragon Ball Z: Season 2,https://eplayvid.net/watch/6956896027b57f8
Dragon Ball Z: Season 2,https://eplayvid.net/watch/04c124826cd7a34
Dragon Ball Z: Season 2,https://eplayvid.net/watch/42ed9e1da59ffb2
Dragon Ball Z: Season 2,https://eplayvid.net/watch/e76021b8f013a45
Dragon Ball Z: Season 2,https://eplayvid.net/watch/ad71ad78781ee98
Dragon Ball Z: Season 2,https://eplayvid.net/watch/68453fb8f454c3a
Dragon Ball Z: Season 2,https://eplayvid.net/watch/31f136252b31921
Dragon Ball Z: Season 2,https://eplayvid.net/watch/526f26f1575e718
Dragon Ball Z: Season 2,https://eplayvid.net/watch/fb0110e5d540db1
Dragon Ball Z: Season 14,https://eplayvid.net/watch/730124b53250765
Dragon Ball Z: Season 2,https://eplayvid.net/watch/3591317543358bb
Dragon Ball Z: Season 2,https://eplayvid.net/watch/ed9e6ab70af2caa
Dragon Ball Z: Season 2,https://eplayvid.net/watch/8be9651403f5f25
Dragon Ball Z: Season 2,https://eplayvid.net/watch/94e83a5315b1fba
Dragon Ball Z: Season 2,https://eplayvid.net/watch/a88df430d5a88ef
Dragon Ball Z: Season 2,https://eplayvid.net/watch/8e6d9cd01bc6b39
Dragon Ball Z: Season 2,https://eplayvid.net/watch/0ee3de7d098a884
Dragon Ball Z: Season 2,https://eplayvid.net/watch/25e80d19515f0a5
Dragon Ball Z: Season 2,https://eplayvid.net/watch/d7678e59c53f0c3
Dragon Ball Z: Season 2,https://eplayvid.net/watch/2521f9571ac9ec1
Dragon Ball Z: Season 2,https://eplayvid.net/watch/13d1038980b3666
Dragon Ball Z: Season 2,https://eplayvid.net/watch/e4437b868d1e42a
Dragon Ball Z: Season 2,https://eplayvid.net/watch/b624fe259091634
Dragon Ball Z: Season 2,https://eplayvid.net/watch/0501930b8c48172
Dragon Ball Z: Season 16,https://eplayvid.net/watch/722499c1034b0ce
Dragon Ball Z: Season 2,https://eplayvid.net/watch/b4a88aa1a7a70d1
Dragon Ball Z: Season 16,https://eplayvid.net/watch/a81e6b1d9f7fab0
Dragon Ball Z: Season 16,https://eplayvid.net/watch/af3840075a97a5c
Dragon Ball Z: Season 2,https://eplayvid.net/watch/f89c5e2b09df642
Dragon Ball Z: Season 16,https://eplayvid.net/watch/da2b83a075c383a
Dragon Ball Z: Season 16,https://eplayvid.net/watch/8f87d9005030d27
Dragon Ball Z: Season 16,https://eplayvid.net/watch/c9d14410c8d02fa
Dragon Ball Z: Season 16,https://eplayvid.net/watch/70249d57286079c
Dragon Ball Z: Season 16,https://eplayvid.net/watch/adcd0fedada3183
Dragon Ball Z: Season 16,https://eplayvid.net/watch/b8851d05b41778c
Dragon Ball Z: Season 16,https://eplayvid.net/watch/230536306e53e3f
Dragon Ball Z: Season 16,https://eplayvid.net/watch/558a164763ddb58
Dragon Ball Z: Season 16,https://eplayvid.net/watch/51d874353690e3e
Dragon Ball Z: Season 16,https://eplayvid.net/watch/96d9ec45022a322
Dragon Ball Z: Season 16,https://eplayvid.net/watch/364c40fa05a9ae3
Dragon Ball Z: Season 16,https://eplayvid.net/watch/a91de9a05defc1a
Dragon Ball Z: Season 16,https://eplayvid.net/watch/214ee631e9e4e16
Dragon Ball Z: Season 16,https://eplayvid.net/watch/5cac0828f99fb34
Dragon Ball Z: Season 2,https://eplayvid.net/watch/36a65cc7bdec7ff
Dragon Ball Z: Season 2,https://eplayvid.net/watch/31b84fcefae7946
