Action_link,Movie Title,Movie Link
https://upmovies.net/watch/rdmw07xX-ultimate-avengers-2.html,Ultimate Avengers 2,https://eplayvid.net/watch/1858957fee7510a
https://upmovies.net/watch/Ed92l7vY-avengers-assemble-season-2.html,Avengers Assemble: Season 2,https://eplayvid.net/watch/22a788b975ae808
https://upmovies.net/watch/pxwNXevz-avengers-assemble-season-1.html,Avengers Assemble: Season 1,https://eplayvid.net/watch/859cd33d10b405c
https://upmovies.net/watch/zdKoJggd-avengers-endgame.html,Avengers Endgame,https://eplayvid.net/watch/8a7c6a63c1115c9
https://upmovies.net/watch/AoxQz9Gn-the-avengers.html,The Avengers,https://streamwish.to/e/s263vo8bp9nh
https://upmovies.net/watch/RGbgnmed-alien-avengers-2.html,Error,Error
https://upmovies.net/watch/5rdmw5xX-ultimate-avengers.html,Ultimate Avengers,https://voe.sx/e/yauwepgqn8rr
https://upmovies.net/watch/kvXQK7xe-avengers-grimm.html,Avengers Grimm,https://mixdrop21.net/e/o7wej9wdsrjqlx
https://upmovies.net/watch/mxyAOXxN-avengers-season-1.html,Avengers: Season 1,https://www.youtube.com/embed/u19SgO4dQYU
https://upmovies.net/watch/JdArZYvL-the-avengers-1998.html,The Avengers (1998),https://mixdrop21.net/e/3anm52tsp
https://upmovies.net/watch/VdPV8YLx-crippled-avengers.html,Crippled Avengers,https://voe.sx/e/4ep2j2mz2yie
https://upmovies.net/watch/bxqpONqv-three-avengers.html,Error,Error
https://upmovies.net/watch/ox0rrwde-the-avengers-season-3.html,The Avengers: Season 3,https://eplayvid.net/watch/2e876f8c78809a7
https://upmovies.net/watch/yGDaeKQd-alien-avengers.html,Error,Error
https://upmovies.net/watch/pxwAA7dz-the-avengers-season-4.html,The Avengers: Season 4,https://eplayvid.net/watch/1e15de77b6146e8
https://upmovies.net/watch/Nx4le0yx-ninja-avengers.html,Error,Error
https://upmovies.net/watch/kvXB5erG-bikini-avengers.html,Bikini Avengers,https://mixdrop21.net/e/3n67l4jdfmmmzmn
https://upmovies.net/watch/PGpJVqv3-marvel-s-avengers-assemble-season-3.html,Marvel's Avengers Assemble: Season 3,https://eplayvid.net/watch/67aeda6cc64d04d
https://upmovies.net/watch/oxQPgzvn-marvel-s-avengers-assemble-season-5.html,Marvel's Avengers Assemble: Season 5,https:///streamplay.to/embed-oq3ah5q6wfse.html
https://upmovies.net/watch/QvM79aG2-disk-wars-avengers.html,Disk Wars Avengers,https://eplayvid.net/watch/658f3806ad26c86
https://upmovies.net/watch/VdPMNKvL-avengers-social-club-season-1.html,Avengers Social Club: Season 1,https://eplayvid.net/watch/8b74d59be1ee2f4
https://upmovies.net/watch/kvYPP0db-the-avengers-season-5.html,Error,Error
https://upmovies.net/watch/0v8nnAGw-the-avengers-season-2.html,The Avengers: Season 2,https://eplayvid.net/watch/0a7a4dd28808c29
https://upmovies.net/watch/VdP22nxL-the-avengers-season-1.html,The Avengers: Season 1,https://eplayvid.net/watch/a77b70ef40e520c
https://upmovies.net/watch/bxq77AdJ-the-avengers-season-6.html,The Avengers: Season 6,https://eplayvid.net/watch/55e6129ae8469a4
https://upmovies.net/watch/wvnBbzvQ-marvel-s-avengers-assemble-season-4.html,Marvel's Avengers Assemble: Season 4,https:///streamplay.to/embed-9j91at3id9c1.html
https://upmovies.net/watch/ovlb0lGP-disk-wars-avengers.html,Disk Wars: Avengers,https://eplayvid.net/watch/ff716b9b15a2cd6
https://upmovies.net/watch/7vNmBLdR-marvel-s-avengers-assemble-season-2.html,Marvel's Avengers Assemble: Season 2,https://eplayvid.net/watch/8f228404b258733
https://upmovies.net/watch/nGEaQzGb-marvel-s-avengers-assemble-season-1.html,Marvel's Avengers Assemble: Season 1,https://eplayvid.net/watch/a786fb857830d97
